alternatives,domain_size,number_of_domains,available_in_explorer
7,1,0,false
7,2,0,false
7,3,0,false
7,4,46,true
7,5,0,false
7,6,0,false
7,7,0,false
7,8,44,true
7,9,24,true
7,10,270,true
7,11,188,true
7,12,147,true
7,13,176,true
7,14,284,true
7,15,548,true
7,16,1626,true
7,17,2178,false
7,18,4435,false
7,19,9994,false
7,20,11864,false
7,21,7040,false
7,22,12685,false
7,23,18570,false
7,24,25954,false
7,25,44660,false
7,26,81579,false
7,27,94158,false
7,28,132114,false
7,29,159868,false
7,30,194674,false
7,31,247692,false
7,32,404009,false
7,33,356618,false
7,34,480195,false
7,35,461900,false
7,36,609624,false
7,37,678422,false
7,38,928441,false
7,39,930304,false
7,40,1244522,false
7,41,1273738,false
7,42,1739772,false
7,43,1849074,false
7,44,2701280,false
7,45,2644266,false
7,46,3491780,false
7,47,3686966,false
7,48,4911214,false
7,49,4790868,false
7,50,6426642,false
7,51,6253444,false
7,52,8174653,false
7,53,7497364,false
7,54,9180598,false
7,55,8270608,false
7,56,11160909,false
7,57,8540924,false
7,58,10269782,false
7,59,7723932,false
7,60,9606176,false
7,61,6518148,false
7,62,7839946,false
7,63,5191166,false
7,64,7728718,false
7,65,3436076,false
7,66,3750621,false
7,67,2034070,false
7,68,2440206,false
7,69,1152526,false
7,70,1351871,false
7,71,671796,false
7,72,808375,false
7,73,357970,false
7,74,405334,false
7,75,186106,false
7,76,244369,false
7,77,101268,false
7,78,116958,false
7,79,48120,false
7,80,56464,false
7,81,23402,false
7,82,25154,false
7,83,11344,false
7,84,14503,false
7,85,6108,false
7,86,4273,false
7,87,2066,false
7,88,2038,true
7,89,1248,true
7,90,647,true
7,91,214,true
7,92,274,true
7,93,106,true
7,94,76,true
7,95,18,true
7,96,36,true
7,97,16,true
7,98,4,true
7,99,0,false
7,100,2,true
